,PseDNC_AA,PseDNC_AC,PseDNC_AG,PseDNC_AT,PseDNC_CA,PseDNC_CC,PseDNC_CG,PseDNC_CT,PseDNC_GA,PseDNC_GC,PseDNC_GG,PseDNC_GT,PseDNC_TA,PseDNC_TC,PseDNC_TG,PseDNC_TT,PseDNC_lamada_1,PseDNC_lamada_2,PseDNC_lamada_3,PseDNC_lamada_4,PseDNC_lamada_5,PseDNC_lamada_6
A1_26,0.04972749855872434,0.04972749855872434,0.02486374927936217,0.04972749855872434,0.012431874639681085,0.06215937319840542,0.012431874639681085,0.03729562391904325,0.03729562391904325,0.0,0.012431874639681085,0.06215937319840542,0.0870231224777676,0.012431874639681085,0.04972749855872434,0.06215937319840542,0.0829368519685446,0.0635189584053107,0.060646156159484446,0.057495742355878905,0.0695792454891388,0.04422931363758841
A1_29,0.0503100610505289,0.03773254578789667,0.02515503052526445,0.06288757631316112,0.012577515262632224,0.06288757631316112,0.012577515262632224,0.03773254578789667,0.03773254578789667,0.0,0.012577515262632224,0.06288757631316112,0.07546509157579334,0.012577515262632224,0.06288757631316112,0.06288757631316112,0.07820226263965765,0.06538423492875763,0.05584159205152532,0.060883479132576974,0.06790939384456383,0.04290327427130746
A1_30,0.05030276428426842,0.03772707321320131,0.02515138214213421,0.06287845535533552,0.0,0.06287845535533552,0.012575691071067105,0.03772707321320131,0.03772707321320131,0.0,0.012575691071067105,0.06287845535533552,0.07545414642640262,0.012575691071067105,0.07545414642640262,0.06287845535533552,0.0798138262671878,0.06503351616505318,0.05585368324196729,0.05968678141277716,0.0665336498300916,0.04429398952956762
A1_35,0.06352781978412472,0.03811669187047483,0.03811669187047483,0.03811669187047483,0.0,0.06352781978412472,0.012705563956824945,0.03811669187047483,0.06352781978412472,0.0,0.012705563956824945,0.06352781978412472,0.06352781978412472,0.012705563956824945,0.07623338374094966,0.05082225582729978,0.07698315246706514,0.06322627219372239,0.05329791468945105,0.06130344841596602,0.06619416473134197,0.04371684966120618
A1_38,0.10336683259210794,0.03876256222204047,0.03876256222204047,0.03876256222204047,0.0,0.06460427037006745,0.012920854074013492,0.03876256222204047,0.05168341629605397,0.0,0.0,0.06460427037006745,0.06460427037006745,0.012920854074013492,0.06460427037006745,0.05168341629605397,0.07540639004108385,0.05851956875895082,0.047380015881988265,0.05892186834780545,0.06947714317276,0.04425231009673697
A1_39,0.10431273793239121,0.0391172767246467,0.0391172767246467,0.0391172767246467,0.0,0.06519546120774451,0.013039092241548901,0.0391172767246467,0.052156368966195604,0.0,0.0,0.06519546120774451,0.06519546120774451,0.013039092241548901,0.06519546120774451,0.052156368966195604,0.07515117402706163,0.05848813857630402,0.0464576267663393,0.05811257669689292,0.06908364607477309,0.04075222578118411
A1_47,0.11020307620198068,0.02755076905049517,0.04132615357574275,0.05510153810099034,0.013775384525247585,0.06887692262623793,0.0,0.04132615357574275,0.04132615357574275,0.0,0.0,0.06887692262623793,0.06887692262623793,0.02755076905049517,0.06887692262623793,0.05510153810099034,0.06444007743287307,0.05527265420563991,0.03276227301257566,0.060342909702703194,0.05801851403916855,0.04039434534466042
A1_51,0.1106625682918338,0.02766564207295845,0.04149846310943767,0.06916410518239612,0.02766564207295845,0.0553312841459169,0.0,0.02766564207295845,0.04149846310943767,0.0,0.013832821036479225,0.06916410518239612,0.0553312841459169,0.02766564207295845,0.08299692621887533,0.04149846310943767,0.06449824524385943,0.05425641871615958,0.03229738070256312,0.0582648069947989,0.060790560665974956,0.038251535852682816
A1_56,0.12590880648284228,0.02797973477396495,0.041969602160947424,0.0559594695479299,0.02797973477396495,0.0559594695479299,0.0,0.02797973477396495,0.06994933693491238,0.0,0.013989867386982475,0.0559594695479299,0.041969602160947424,0.02797973477396495,0.08393920432189485,0.041969602160947424,0.05888385146993022,0.05360432637805628,0.03138951690224784,0.059819925299838705,0.05572793724267535,0.04108107335812781
A1_58,0.12580608100173818,0.02795690688927515,0.0559138137785503,0.0559138137785503,0.02795690688927515,0.0559138137785503,0.0,0.02795690688927515,0.06989226722318788,0.0,0.02795690688927515,0.0559138137785503,0.04193536033391272,0.02795690688927515,0.06989226722318788,0.02795690688927515,0.0568472677985,0.05621337980167638,0.03330236414602306,0.05675887712982027,0.057098047645560104,0.04085739124654147
A1_59,0.12476201494745269,0.027724892210545044,0.05544978442109009,0.05544978442109009,0.027724892210545044,0.05544978442109009,0.0,0.027724892210545044,0.06931223052636261,0.013862446105272522,0.027724892210545044,0.04158733831581756,0.04158733831581756,0.027724892210545044,0.06931223052636261,0.027724892210545044,0.05748179976714892,0.057332766683722954,0.03517521962797449,0.053979335495724125,0.05831546008540783,0.04459311307639556
A1_60,0.12565845320950103,0.02792410071322245,0.0558482014264449,0.0558482014264449,0.02792410071322245,0.06981025178305612,0.0,0.02792410071322245,0.06981025178305612,0.013962050356611225,0.02792410071322245,0.04188615106983368,0.02792410071322245,0.02792410071322245,0.06981025178305612,0.02792410071322245,0.0586883745322779,0.05479798133134819,0.03594283547995645,0.05313946248298439,0.0547929419037976,0.04453588643907431
A1_61,0.12550166438470345,0.027889258752156323,0.041833888128234485,0.05577851750431265,0.041833888128234485,0.06972314688039082,0.0,0.027889258752156323,0.06972314688039082,0.013944629376078162,0.027889258752156323,0.041833888128234485,0.027889258752156323,0.027889258752156323,0.06972314688039082,0.027889258752156323,0.056864751958925756,0.057408247643789795,0.03608228481230608,0.05123115365516578,0.05570206736492769,0.045480025760976754
A1_62,0.13985137714057114,0.027970275428114227,0.041955413142171334,0.055940550856228455,0.041955413142171334,0.06992568857028557,0.0,0.027970275428114227,0.06992568857028557,0.013985137714057114,0.027970275428114227,0.027970275428114227,0.027970275428114227,0.027970275428114227,0.06992568857028557,0.027970275428114227,0.05415882528405933,0.05719373816619756,0.03835535601625754,0.0530088023536444,0.054486394365603034,0.04353999811138246
A1_63,0.13995393719285346,0.027990787438570686,0.05598157487714137,0.05598157487714137,0.04198618115785603,0.06997696859642673,0.0,0.027990787438570686,0.06997696859642673,0.013995393719285343,0.027990787438570686,0.027990787438570686,0.013995393719285343,0.027990787438570686,0.06997696859642673,0.027990787438570686,0.052998520970438716,0.05327577446052101,0.03835830959036905,0.056429642984938605,0.05617432254953087,0.042993743479934586
A1_64,0.12437684620136807,0.027639299155859574,0.05527859831171915,0.05527859831171915,0.04145894873378936,0.06909824788964894,0.0,0.027639299155859574,0.06909824788964894,0.013819649577929787,0.027639299155859574,0.04145894873378936,0.013819649577929787,0.027639299155859574,0.06909824788964894,0.027639299155859574,0.053430126169449435,0.05298354079522469,0.04053559276770795,0.05700560386821326,0.05623322899423015,0.04882942850868525
A1_70,0.14680785138147356,0.026692336614813374,0.05338467322962675,0.05338467322962675,0.04003850492222006,0.013346168307406687,0.0,0.013346168307406687,0.08007700984444012,0.013346168307406687,0.04003850492222006,0.04003850492222006,0.013346168307406687,0.026692336614813374,0.08007700984444012,0.026692336614813374,0.05580102196900441,0.05955710229356921,0.04757144673157276,0.06339961858523181,0.056899473156325035,0.049462921893962446
A1_73,0.14690330519336461,0.02670969185333902,0.05341938370667804,0.04006453778000853,0.04006453778000853,0.02670969185333902,0.0,0.02670969185333902,0.08012907556001705,0.01335484592666951,0.04006453778000853,0.04006453778000853,0.0,0.04006453778000853,0.08012907556001705,0.01335484592666951,0.05435306459307168,0.0584500567881696,0.05024417437239303,0.06370423603883148,0.05563771017428442,0.04986846169977439
A1_77,0.146003423397033,0.03981911547191809,0.05309215396255746,0.02654607698127873,0.03981911547191809,0.02654607698127873,0.0,0.03981911547191809,0.07963823094383618,0.013273038490639365,0.03981911547191809,0.03981911547191809,0.0,0.03981911547191809,0.07963823094383618,0.0,0.05404167282492185,0.05841444652781226,0.0480804876126783,0.06345998401747938,0.05917994367494331,0.05317154081019656
A1_79,0.14595449770114985,0.05307436280041813,0.05307436280041813,0.026537181400209064,0.05307436280041813,0.026537181400209064,0.0,0.039805772100313594,0.07961154420062719,0.013268590700104532,0.039805772100313594,0.026537181400209064,0.0,0.039805772100313594,0.06634295350052266,0.0,0.05402356347934534,0.056086137085486064,0.04832120778135116,0.06410691953858214,0.060307120733973645,0.0537255163760351
A1_80,0.14595404426850153,0.053074197915818744,0.053074197915818744,0.026537098957909372,0.053074197915818744,0.03980564843686405,0.0,0.03980564843686405,0.0796112968737281,0.013268549478954686,0.03980564843686405,0.026537098957909372,0.0,0.03980564843686405,0.053074197915818744,0.0,0.05562139836681263,0.05606540350330443,0.04998706049994709,0.06287794933762676,0.05924660427648887,0.05277411006808592
A1_81,0.1461809527502834,0.053156710091012145,0.053156710091012145,0.026578355045506073,0.053156710091012145,0.053156710091012145,0.0,0.03986753256825911,0.06644588761376519,0.013289177522753036,0.03986753256825911,0.026578355045506073,0.0,0.03986753256825911,0.053156710091012145,0.0,0.05508539238156986,0.057957506221317345,0.04908484954834902,0.06348477237399197,0.05811918429306422,0.05180941904405577
A1_86,0.10596068088107488,0.05298034044053744,0.03973525533040308,0.02649017022026872,0.05298034044053744,0.0662254255506718,0.0,0.0662254255506718,0.05298034044053744,0.01324508511013436,0.03973525533040308,0.02649017022026872,0.0,0.05298034044053744,0.0662254255506718,0.0,0.05507483215185218,0.05669859915099513,0.05036910948578399,0.06384704496878481,0.060103412309123076,0.05165274642674269
A1_87,0.09150330445203755,0.052287602544021455,0.039215701908016085,0.026143801272010728,0.052287602544021455,0.06535950318002681,0.0,0.06535950318002681,0.052287602544021455,0.026143801272010728,0.039215701908016085,0.026143801272010728,0.0,0.052287602544021455,0.06535950318002681,0.0,0.05785204164817421,0.05947946270956205,0.05123747001580024,0.06609450157855945,0.05983656464325606,0.05190492760437992
A1_92,0.10529798638314693,0.0394867448936801,0.0394867448936801,0.026324496595786732,0.06581124148946683,0.0789734897873602,0.0,0.052648993191573464,0.052648993191573464,0.026324496595786732,0.0394867448936801,0.026324496595786732,0.0,0.052648993191573464,0.052648993191573464,0.0,0.05535259286172161,0.0589435299498465,0.05351872842130021,0.06445474304124428,0.057814298165276744,0.05180369266594229
A1_93,0.10610286807907306,0.03978857552965239,0.03978857552965239,0.03978857552965239,0.06631429254942066,0.07957715105930478,0.0,0.05305143403953653,0.05305143403953653,0.026525717019768264,0.03978857552965239,0.013262858509884132,0.0,0.05305143403953653,0.05305143403953653,0.0,0.05420851694305573,0.05715417037511146,0.05406457298388156,0.06379212694266559,0.05546825843150017,0.05216942882957903
A1_94,0.10547538626723822,0.03955326985021433,0.03955326985021433,0.03955326985021433,0.06592211641702389,0.07910653970042866,0.0,0.05273769313361911,0.05273769313361911,0.026368846566809555,0.03955326985021433,0.013184423283404778,0.013184423283404778,0.03955326985021433,0.05273769313361911,0.0,0.055477328844205163,0.057801598931574966,0.0555088882583405,0.06504012149204876,0.05473050650510643,0.05222039179848529
A1_101,0.11618862595791277,0.03872954198597092,0.06454923664328488,0.012909847328656974,0.03872954198597092,0.07745908397194184,0.0,0.051639389314627894,0.051639389314627894,0.025819694657313947,0.025819694657313947,0.03872954198597092,0.03872954198597092,0.025819694657313947,0.03872954198597092,0.0,0.06292847995994907,0.05962424195204922,0.06113560062096525,0.06010063656203581,0.05628113687520885,0.054437537596943225
A1_103,0.14220265070076393,0.038782541100208345,0.051710054800277794,0.012927513700069448,0.038782541100208345,0.07756508220041669,0.0,0.051710054800277794,0.038782541100208345,0.025855027400138897,0.025855027400138897,0.038782541100208345,0.038782541100208345,0.025855027400138897,0.038782541100208345,0.0,0.06346259381552954,0.061794076576336336,0.06088781020912533,0.059432464360994655,0.05546091305075247,0.05258645698378914
A1_114,0.16108741072750066,0.05369580357583355,0.026847901787916774,0.040271852681875164,0.040271852681875164,0.06711975446979195,0.0,0.05369580357583355,0.026847901787916774,0.013423950893958387,0.013423950893958387,0.026847901787916774,0.05369580357583355,0.026847901787916774,0.05369580357583355,0.013423950893958387,0.0597455307787108,0.051302541525049754,0.05157499784457342,0.05673108776234114,0.056934729475694175,0.05251356791571137
A1_115,0.16050844309327078,0.0535028143644236,0.0267514071822118,0.040127110773317695,0.040127110773317695,0.0668785179555295,0.0,0.0535028143644236,0.0267514071822118,0.0133757035911059,0.0133757035911059,0.040127110773317695,0.0535028143644236,0.0267514071822118,0.040127110773317695,0.0133757035911059,0.06187246753029873,0.05193579031228575,0.050765751727627303,0.059452276435918654,0.054176479198807505,0.05301205523976699
A1_116,0.1617417507244204,0.05391391690814014,0.02695695845407007,0.0404354376811051,0.0404354376811051,0.06739239613517518,0.0,0.05391391690814014,0.02695695845407007,0.013478479227035035,0.0,0.0404354376811051,0.06739239613517518,0.02695695845407007,0.0404354376811051,0.013478479227035035,0.06550740330817387,0.049365526872523276,0.049553198713963666,0.05526165495193692,0.053150061538168,0.053238193263482524
A1_117,0.16160964784376264,0.05386988261458755,0.026934941307293774,0.05386988261458755,0.04040241196094066,0.06733735326823444,0.0,0.05386988261458755,0.013467470653646887,0.013467470653646887,0.0,0.04040241196094066,0.06733735326823444,0.026934941307293774,0.04040241196094066,0.013467470653646887,0.06593977108192457,0.048746714153685096,0.04836456447578103,0.0559637815301285,0.05241974777219566,0.05519188830394082
A1_119,0.13462460151140615,0.05384984060456246,0.02692492030228123,0.05384984060456246,0.04038738045342184,0.08077476090684368,0.0,0.05384984060456246,0.013462460151140615,0.013462460151140615,0.0,0.04038738045342184,0.06731230075570308,0.04038738045342184,0.04038738045342184,0.013462460151140615,0.06585378743897147,0.048085885953618956,0.05019613130650392,0.05602874709657902,0.052162258898412577,0.054550181748883396
A1_122,0.13483428215931198,0.04045028464779359,0.026966856431862394,0.05393371286372479,0.04045028464779359,0.06741714107965599,0.0,0.05393371286372479,0.013483428215931197,0.013483428215931197,0.013483428215931197,0.04045028464779359,0.06741714107965599,0.04045028464779359,0.05393371286372479,0.013483428215931197,0.0646519146763721,0.04890050829007856,0.049726954980717115,0.05649251091220284,0.05241291949218106,0.053643780851888485
A1_123,0.1345238087946274,0.040357142638388216,0.026904761758925477,0.053809523517850955,0.040357142638388216,0.0672619043973137,0.0,0.053809523517850955,0.013452380879462739,0.013452380879462739,0.026904761758925477,0.040357142638388216,0.0672619043973137,0.026904761758925477,0.053809523517850955,0.013452380879462739,0.06387292249553456,0.04937369434215979,0.0516493549843051,0.05514780389793295,0.0531421110435145,0.05419506926341625
A1_126,0.1355290595522551,0.04065871786567653,0.04065871786567653,0.05421162382090204,0.04065871786567653,0.06776452977612756,0.0,0.04065871786567653,0.02710581191045102,0.01355290595522551,0.02710581191045102,0.04065871786567653,0.06776452977612756,0.02710581191045102,0.04065871786567653,0.01355290595522551,0.06354739787845246,0.04871988515163702,0.05053102462507931,0.05374557081213014,0.051094957410680014,0.05471586636074565
A1_127,0.13624034923693465,0.027248069847386928,0.054496139694773855,0.054496139694773855,0.040872104771080386,0.06812017461846732,0.0,0.040872104771080386,0.027248069847386928,0.013624034923693464,0.027248069847386928,0.040872104771080386,0.06812017461846732,0.027248069847386928,0.040872104771080386,0.013624034923693464,0.061380934526850714,0.04897557903648811,0.04957175159647709,0.0542045063674942,0.05154391224558671,0.05312157004243003
A1_128,0.13643730465422305,0.027287460930844606,0.05457492186168921,0.05457492186168921,0.027287460930844606,0.06821865232711152,0.0,0.04093119139626691,0.04093119139626691,0.013643730465422303,0.027287460930844606,0.04093119139626691,0.06821865232711152,0.027287460930844606,0.04093119139626691,0.013643730465422303,0.05896607994002867,0.04867926695651096,0.04993477137983807,0.05389979201422945,0.05225364325233785,0.054079923185939904
A1_129,0.1370168105120664,0.01370168105120664,0.05480672420482656,0.0685084052560332,0.02740336210241328,0.0685084052560332,0.0,0.04110504315361992,0.04110504315361992,0.01370168105120664,0.02740336210241328,0.04110504315361992,0.0685084052560332,0.02740336210241328,0.04110504315361992,0.01370168105120664,0.05814878092347736,0.048374248810278984,0.049033676373969305,0.05331980635908207,0.05056673900353067,0.055472695969329675
A1_130,0.13636670251227975,0.013636670251227976,0.054546681004911904,0.06818335125613988,0.027273340502455952,0.054546681004911904,0.0,0.040910010753683924,0.040910010753683924,0.013636670251227976,0.027273340502455952,0.040910010753683924,0.06818335125613988,0.027273340502455952,0.040910010753683924,0.027273340502455952,0.05875788422638931,0.049496247845748145,0.048903686619692306,0.05429103049387054,0.05043403802879295,0.05628360022410808
A1_131,0.13638924109834324,0.013638924109834324,0.054555696439337296,0.06819462054917162,0.027277848219668648,0.04091677232950297,0.0,0.04091677232950297,0.04091677232950297,0.013638924109834324,0.027277848219668648,0.04091677232950297,0.06819462054917162,0.04091677232950297,0.04091677232950297,0.027277848219668648,0.06009175429187836,0.049779385469842403,0.04872962687290929,0.05446663574739182,0.050050923978093666,0.05493546814816834
A1_133,0.13616597297446348,0.013616597297446346,0.054466389189785386,0.06808298648723174,0.027233194594892693,0.027233194594892693,0.0,0.04084979189233903,0.04084979189233903,0.013616597297446346,0.027233194594892693,0.04084979189233903,0.08169958378467806,0.04084979189233903,0.04084979189233903,0.027233194594892693,0.06059256115484599,0.050587644713785726,0.0509432032821347,0.052777561108671114,0.04793240193680345,0.05633676293144181
A1_134,0.1496517154252975,0.013604701402299774,0.054418805609199095,0.06802350701149887,0.027209402804599547,0.027209402804599547,0.0,0.040814104206899314,0.040814104206899314,0.013604701402299774,0.027209402804599547,0.040814104206899314,0.08162820841379863,0.027209402804599547,0.040814104206899314,0.027209402804599547,0.06164835087555536,0.05095981027766439,0.04965831796532204,0.05254581777755457,0.04866508765641443,0.056287545332500605
A1_136,0.1502599643283775,0.013659996757125226,0.054639987028500904,0.08195998054275135,0.027319993514250452,0.027319993514250452,0.0,0.027319993514250452,0.04097999027137567,0.013659996757125226,0.027319993514250452,0.04097999027137567,0.08195998054275135,0.027319993514250452,0.027319993514250452,0.04097999027137567,0.059636490927367974,0.04897561799127418,0.052557794207209366,0.05232415977030582,0.049155093589870476,0.054351005657710956
A1_141,0.1352102706723362,0.013521027067233621,0.0676051353361681,0.08112616240340172,0.027042054134467242,0.013521027067233621,0.0,0.027042054134467242,0.04056308120170086,0.013521027067233621,0.027042054134467242,0.04056308120170086,0.09464718947063536,0.027042054134467242,0.027042054134467242,0.04056308120170086,0.06682652653260257,0.05028939446410686,0.05139156594000587,0.04973110913363421,0.04984874669587961,0.05586130387208982
A1_149,0.12421282499687354,0.013801424999652616,0.05520569999861046,0.09660997499756832,0.02760284999930523,0.013801424999652616,0.0,0.02760284999930523,0.06900712499826309,0.013801424999652616,0.02760284999930523,0.02760284999930523,0.06900712499826309,0.02760284999930523,0.041404274998957845,0.05520569999861046,0.0588452742547051,0.04695117792603179,0.04811401884506556,0.05479174475765623,0.04944092145083891,0.05178561278307156
A1_151,0.1255616475395822,0.01395129417106469,0.06975647085532345,0.09765905919745284,0.02790258834212938,0.01395129417106469,0.0,0.02790258834212938,0.06975647085532345,0.01395129417106469,0.02790258834212938,0.01395129417106469,0.06975647085532345,0.02790258834212938,0.041853882513194066,0.05580517668425876,0.05633588343999226,0.04710391679044444,0.047616224628081655,0.05349328043116129,0.04937332004263858,0.04851266611444723
A1_153,0.11109414938528453,0.013886768673160566,0.06943384336580283,0.09720738071212397,0.027773537346321132,0.013886768673160566,0.0,0.027773537346321132,0.08332061203896339,0.013886768673160566,0.027773537346321132,0.013886768673160566,0.06943384336580283,0.027773537346321132,0.041660306019481695,0.055547074692642265,0.05807401786904052,0.04797504887489418,0.05065960922277221,0.05298886523683606,0.04752182106958877,0.04844220406884001
A1_158,0.09753791847648306,0.0,0.06966994176891647,0.12540589518404963,0.013933988353783294,0.013933988353783294,0.0,0.027867976707566588,0.08360393012269976,0.013933988353783294,0.027867976707566588,0.013933988353783294,0.08360393012269976,0.027867976707566588,0.04180196506134988,0.055735953415133176,0.058114293279325255,0.050163180565987966,0.05042828972369098,0.04950203343349919,0.048085987379449045,0.04700679792888292
A1_159,0.08382010283194698,0.0,0.06985008569328915,0.12573015424792047,0.01397001713865783,0.01397001713865783,0.0,0.02794003427731566,0.08382010283194698,0.01397001713865783,0.02794003427731566,0.01397001713865783,0.08382010283194698,0.02794003427731566,0.04191005141597349,0.06985008569328915,0.058264558036086586,0.04846266855205936,0.051482621732462784,0.05059579568592472,0.04669298429301725,0.04600051476755778
A1_162,0.08421957924248213,0.0,0.07018298270206845,0.11229277232330952,0.02807319308082738,0.01403659654041369,0.0,0.02807319308082738,0.08421957924248213,0.01403659654041369,0.02807319308082738,0.01403659654041369,0.07018298270206845,0.04210978962124107,0.04210978962124107,0.07018298270206845,0.056854482326416725,0.048412258021523644,0.053436999490782185,0.04477353895818762,0.04831542093915256,0.04637747324325288
A1_165,0.08496017818005999,0.0,0.07080014848338333,0.12744026727008997,0.02832005939335333,0.014160029696676665,0.0,0.02832005939335333,0.08496017818005999,0.014160029696676665,0.02832005939335333,0.0,0.08496017818005999,0.042480089090029996,0.02832005939335333,0.07080014848338333,0.0530511533006781,0.04885003744920375,0.050773196695254916,0.04626298463228428,0.04904592441557706,0.04401521867316857
A1_166,0.08505747313612574,0.0,0.07088122761343812,0.12758620970418863,0.02835249104537525,0.014176245522687625,0.0,0.02835249104537525,0.08505747313612574,0.014176245522687625,0.02835249104537525,0.0,0.07088122761343812,0.0567049820907505,0.02835249104537525,0.07088122761343812,0.05260046477208005,0.049208344726440846,0.05078891310373813,0.04594969317896486,0.04888648078346326,0.04375382730093165
A1_167,0.08559796221571553,0.0,0.07133163517976294,0.11413061628762071,0.042798981107857764,0.014266327035952589,0.0,0.028532654071905177,0.08559796221571553,0.014266327035952589,0.028532654071905177,0.0,0.07133163517976294,0.057065308143810355,0.028532654071905177,0.07133163517976294,0.052328293137580945,0.05043063634647487,0.05118345833530488,0.04510637859235562,0.04722706408594847,0.04040781770470585
A1_169,0.08455566670521412,0.014092611117535687,0.07046305558767844,0.1127408889402855,0.04227783335260706,0.0,0.0,0.04227783335260706,0.08455566670521412,0.014092611117535687,0.028185222235071375,0.0,0.07046305558767844,0.04227783335260706,0.028185222235071375,0.07046305558767844,0.05639860572535214,0.05179810168632606,0.05068396344317096,0.04348633858116727,0.051532751193914705,0.04146968349328452
A1_172,0.08360768226719975,0.013934613711199959,0.06967306855599979,0.11147690968959967,0.041803841133599876,0.0,0.0,0.027869227422399917,0.08360768226719975,0.013934613711199959,0.027869227422399917,0.0,0.06967306855599979,0.041803841133599876,0.027869227422399917,0.08360768226719975,0.05736131597905661,0.05223613725991967,0.05261791669663373,0.04906373701133694,0.04958992266651377,0.042400284826541394
A1_175,0.0975388080302089,0.013934115432886984,0.06967057716443492,0.11147292346309587,0.04180234629866095,0.0,0.0,0.027868230865773967,0.0836046925973219,0.013934115432886984,0.013934115432886984,0.0,0.06967057716443492,0.04180234629866095,0.027868230865773967,0.0836046925973219,0.05800019859872427,0.054461877228200804,0.05519829358177032,0.04658355276397715,0.051103936036297315,0.03794637014668099
A1_177,0.09653496678971943,0.01379070954138849,0.05516283816555396,0.11032567633110792,0.04137212862416546,0.0,0.0,0.02758141908277698,0.06895354770694245,0.01379070954138849,0.04137212862416546,0.0,0.06895354770694245,0.04137212862416546,0.02758141908277698,0.08274425724833093,0.058114237636112336,0.05800036045140887,0.05772578284995063,0.04502741614771719,0.0514079471868214,0.04018877865856524
A1_178,0.09635291425770616,0.013764702036815164,0.055058808147260656,0.11011761629452131,0.04129410611044549,0.0,0.0,0.027529404073630328,0.055058808147260656,0.013764702036815164,0.055058808147260656,0.0,0.06882351018407583,0.04129410611044549,0.027529404073630328,0.08258821222089098,0.05724593268628894,0.05652676821508792,0.05970111254492699,0.047809660236442696,0.05185666688500174,0.03862475759149352
A2_26,0.3754198331772177,0.01564249304905074,0.18770991658860886,0.0,0.01564249304905074,0.0,0.0,0.0,0.18770991658860886,0.0,0.0,0.0,0.0,0.0,0.0,0.0,0.03827723369678584,0.04769992229132008,0.03962569374596408,0.024373497901196976,0.032510807169132364,0.0353881927430637
A2_27,0.37630048818779943,0.015679187007824977,0.18815024409389972,0.0,0.015679187007824977,0.0,0.0,0.0,0.18815024409389972,0.0,0.0,0.0,0.0,0.0,0.0,0.0,0.03769920523290376,0.04625786172997038,0.0413056644730709,0.02514204503839812,0.03185989023341413,0.03377598290099382
A2_28,0.39249270908646855,0.015699708363458742,0.17269679199804616,0.0,0.015699708363458742,0.0,0.0,0.0,0.18839650036150488,0.0,0.0,0.0,0.0,0.0,0.0,0.0,0.03701315717440995,0.04563578143999886,0.040662578697706314,0.026798591593655295,0.03182896365509512,0.033075509266197414
A2_30,0.4103978719817984,0.015784533537761478,0.17362986891537624,0.0,0.015784533537761478,0.0,0.0,0.0,0.17362986891537624,0.0,0.0,0.0,0.0,0.0,0.0,0.0,0.0356806696176619,0.04363164322989556,0.03851377206381015,0.026943383786629433,0.032000934836177865,0.03400291957775125
A2_32,0.3920594325165626,0.015682377300662503,0.17250615030728755,0.0,0.015682377300662503,0.0,0.0,0.0,0.18818852760795005,0.0,0.0,0.0,0.0,0.0,0.0,0.0,0.03544974718105065,0.04334926272874563,0.039851854215318935,0.028390855960219744,0.03417904433224723,0.034660370549292635
A2_33,0.41038440100502394,0.01578401542327015,0.17362416965597166,0.0,0.01578401542327015,0.0,0.0,0.0,0.17362416965597166,0.0,0.0,0.0,0.0,0.0,0.0,0.0,0.035679498428665725,0.0427521566917185,0.03851250788052757,0.02778730164497366,0.0344005601032207,0.03166720408738632
A2_34,0.41164704560799975,0.015832578677230758,0.17415836544953833,0.0,0.015832578677230758,0.0,0.0,0.0,0.17415836544953833,0.0,0.0,0.0,0.0,0.0,0.0,0.0,0.035789274838338,0.044452850783480075,0.038631000713352896,0.026235414652196067,0.033256610047629566,0.030005915103465508
A2_36,0.38131603811464815,0.015888168254777006,0.19065801905732407,0.0,0.015888168254777006,0.0,0.0,0.0,0.19065801905732407,0.0,0.0,0.0,0.0,0.0,0.0,0.0,0.036659151606036784,0.04460892865595792,0.03834171356842981,0.02341245358869463,0.03245807132908607,0.03011126851294448
A2_37,0.39742944896283783,0.015897177958513514,0.17486895754364865,0.0,0.015897177958513514,0.0,0.0,0.0,0.19076613550216215,0.0,0.0,0.0,0.0,0.0,0.0,0.0,0.03747870551389,0.04286062712742717,0.037901451316541615,0.02342573008899324,0.033346244317180807,0.030128343710291435
A2_39,0.4191895201778537,0.0,0.19347208623593248,0.0,0.016122673852994374,0.0,0.0,0.0,0.1773494123829381,0.0,0.0,0.0,0.0,0.0,0.0,0.0,0.03203191421403006,0.04306014902181925,0.036077955981665584,0.0225129920201789,0.03158987144345422,0.028593424669133352
A2_40,0.41844137322562985,0.0,0.19312678764259839,0.0,0.0,0.0,0.0,0.0,0.19312678764259839,0.0,0.0,0.0,0.0,0.0,0.0,0.0,0.03227996835672933,0.044371130928058396,0.0359689225341325,0.020762791541581685,0.0318658454522372,0.03005639267643427
A2_41,0.4341122176296023,0.0,0.17686053310835648,0.0,0.0,0.0,0.0,0.0,0.19293876339093433,0.0,0.0,0.0,0.0,0.0,0.0,0.0,0.03305640395811525,0.04432793211141535,0.035219947837747075,0.020742577316565487,0.032714494253963264,0.03002713039330053
A2_43,0.4349739157211504,0.0,0.19332174032051128,0.0,0.0,0.0,0.0,0.0,0.177211595293802,0.0,0.0,0.0,0.0,0.0,0.0,0.0,0.03224411279338576,0.04441592155965353,0.034374593489437014,0.02078375063203924,0.03182348823133012,0.03085088195869079
A2_44,0.4174035096022974,0.0,0.19264777366259878,0.0,0.0,0.0,0.0,0.0,0.19264777366259878,0.0,0.0,0.0,0.0,0.0,0.0,0.0,0.032199904082344806,0.044261076842437366,0.035879708515975384,0.020711293416781715,0.03253137116483169,0.031717589050134186
A2_45,0.43303025905362275,0.0,0.17641973516999443,0.0,0.0,0.0,0.0,0.0,0.1924578929127212,0.0,0.0,0.0,0.0,0.0,0.0,0.0,0.03297401590659065,0.044217451492912445,0.0351321674826659,0.01996322083124002,0.034194807621807155,0.03161044952844557
A2_46,0.45054101214781533,0.0,0.176998254772356,0.0,0.0,0.0,0.0,0.0,0.176998254772356,0.0,0.0,0.0,0.0,0.0,0.0,0.0,0.03151994663005086,0.044362450364101504,0.03433321079273834,0.019225823276532838,0.034306940011582805,0.0317141072324663
A2_47,0.45054996597519875,0.0,0.1770017723473995,0.0,0.0,0.0,0.0,0.0,0.1770017723473995,0.0,0.0,0.0,0.0,0.0,0.0,0.0,0.03152057304175068,0.04436333200131578,0.03524807417291248,0.018292150800607015,0.034307621810599175,0.03171473750281711
A2_49,0.4352410517695884,0.0,0.19344046745315038,0.0,0.0,0.0,0.0,0.0,0.17732042849872118,0.0,0.0,0.0,0.0,0.0,0.0,0.0,0.03157731950456702,0.04284555228722085,0.034395704394573026,0.020723565803590905,0.03519158241160441,0.029264327876983798
A2_50,0.4333509292642467,0.0,0.17655037858913752,0.0,0.0,0.0,0.0,0.0,0.19260041300633185,0.0,0.0,0.0,0.0,0.0,0.0,0.0,0.03144018859283137,0.043552339616240054,0.035158183769774726,0.022293439653184297,0.03591688590794128,0.029137241600312298
A2_51,0.43380772570190806,0.0,0.19280343364529245,0.0,0.0,0.0,0.0,0.0,0.17673648084151808,0.0,0.0,0.0,0.0,0.0,0.0,0.0,0.03066603371785085,0.04200586260981853,0.03512408232310154,0.023045904447320346,0.035880421465225895,0.029930055247964348
A2_52,0.4169559976092952,0.0,0.19244122966582852,0.0,0.0,0.0,0.0,0.0,0.19244122966582852,0.0,0.0,0.0,0.0,0.0,0.0,0.0,0.031359602043374714,0.041229670365898044,0.03421802964013762,0.023933512490141178,0.035813015863604414,0.03160771265589174
A2_53,0.4015634577140494,0.0,0.20881299801130568,0.0,0.0,0.0,0.0,0.0,0.19275045970274368,0.0,0.0,0.0,0.0,0.0,0.0,0.0,0.031478231643300075,0.03970397338174958,0.03434415615600078,0.022310807512990014,0.036615522801209666,0.03242039307665115
A2_54,0.39719544179353616,0.0,0.19065381206089735,0.0,0.0,0.0,0.0,0.0,0.19065381206089735,0.0,0.015887817671741446,0.0,0.0,0.0,0.0,0.0,0.03269910123560382,0.04041767033433935,0.03560037391894924,0.02254266899646099,0.03799296501576169,0.0363563369118125
A2_55,0.3977134128077899,0.0,0.19090243814773913,0.0,0.0,0.0,0.0,0.0,0.19090243814773913,0.0,0.015908536512311593,0.0,0.0,0.0,0.0,0.0,0.033120233779589614,0.041231073791225085,0.03403656772771585,0.021720599283872037,0.037231101522796434,0.03723359827922128
A2_57,0.42573030212953117,0.0,0.17344567864536453,0.0,0.0,0.0,0.0,0.0,0.17344567864536453,0.0,0.015767788967760415,0.0,0.0,0.0,0.0,0.0,0.032088630451968254,0.04408222113931007,0.036949954300616095,0.023874503447733033,0.03682876629277959,0.03778647597957232
A2_58,0.4096874388431112,0.0,0.18908651023528208,0.0,0.0,0.0,0.0,0.0,0.1733293010490086,0.0,0.015757209186273508,0.0,0.0,0.0,0.0,0.0,0.032738241685001654,0.04405264310093925,0.036099738307438435,0.026296241567365878,0.036073256200297554,0.036879419825281756
A2_59,0.39341288972850125,0.0,0.18883818706968059,0.0,0.0,0.0,0.0,0.0,0.18883818706968059,0.0,0.015736515589140052,0.0,0.0,0.0,0.0,0.0,0.03276210069889968,0.043994789731207455,0.03764514928727596,0.0255477341658116,0.03557258291027206,0.037651863749530785
A2_61,0.42403435970907555,0.0,0.17275473914073447,0.0,0.0,0.0,0.0,0.0,0.17275473914073447,0.0,0.015704976285521314,0.0,0.0,0.0,0.0,0.0,0.031960801943342956,0.04471216291442259,0.0382670821503031,0.023088733478455945,0.03477291149298226,0.041949493744427475
A2_62,0.40876258923130354,0.0,0.18865965656829392,0.0,0.0,0.0,0.0,0.0,0.1729380185209361,0.0,0.01572163804735783,0.0,0.0,0.0,0.0,0.0,0.03199470987547876,0.043885014698953964,0.03907543448558875,0.023113228834025466,0.03480980285525655,0.04103990688280512
A2_63,0.402962542301202,0.0,0.170484152512047,0.0,0.0,0.0,0.0,0.0,0.170484152512047,0.0,0.030997118638554,0.0,0.0,0.0,0.0,0.0,0.033065701861984036,0.04642333789406385,0.04174925790615996,0.023951366879029847,0.03597640393333683,0.04390596556157556
A2_65,0.4012911785282424,0.0,0.16977703706964103,0.0,0.0,0.0,0.0,0.0,0.16977703706964103,0.0,0.03086855219448019,0.0,0.0,0.0,0.0,0.0,0.03401871944444954,0.04858703416506625,0.04150773530688224,0.02544821337725812,0.03419552473521138,0.04452896810912782
A2_66,0.399715054053466,0.0,0.1691102151764664,0.0,0.0,0.0,0.0,0.0,0.1691102151764664,0.0,0.030747311850266617,0.0,0.0,0.0,0.0,0.0,0.03323030108337903,0.04839620212638247,0.04522963645993201,0.026045772145183926,0.03406121726386188,0.04435407466459526
A2_67,0.39903673439890985,0.0,0.16882323378415418,0.0,0.0,0.0,0.0,0.0,0.16882323378415418,0.0,0.03069513341530076,0.0,0.0,0.0,0.0,0.0,0.033108707938554284,0.04831407338298066,0.045220856974154844,0.027679628494657653,0.03329161485590716,0.04500678297122652
A2_69,0.3972714126584965,0.0,0.16807636689397928,0.0,0.0,0.0,0.0,0.0,0.16807636689397928,0.0,0.03055933943526896,0.0,0.0,0.0,0.0,0.0,0.03367795120763758,0.048764694522969255,0.0450208018036532,0.025283728979083746,0.033540176631702154,0.04972916097323006
A2_70,0.39664226433220034,0.0,0.16781018875593093,0.0,0.0,0.0,0.0,0.0,0.16781018875593093,0.0,0.03051094341016926,0.0,0.0,0.0,0.0,0.0,0.03362461631879275,0.05019942742008367,0.04494950353954269,0.023665990131132044,0.033487059932843045,0.05129981740337431
A2_71,0.3808985685860907,0.0,0.18283131292132354,0.0,0.0,0.0,0.0,0.0,0.1675953701778799,0.0,0.030471885486887257,0.0,0.0,0.0,0.0,0.0,0.03423051223614632,0.05013516571048605,0.04409384483467524,0.023635694626515616,0.03415081547260761,0.05195682994738778
A2_72,0.3641944548725074,0.0,0.1820972274362537,0.0,0.0,0.0,0.0,0.0,0.1820972274362537,0.0,0.030349537906042286,0.0,0.0,0.0,0.0,0.0,0.03415754036433915,0.04993386814908049,0.0454527648189108,0.023540795016171876,0.03478768010059319,0.05338890389984742
A2_73,0.37925522603182094,0.0,0.16687229945400123,0.0,0.0,0.0,0.0,0.0,0.18204250849527406,0.0,0.030340418082545676,0.0,0.0,0.0,0.0,0.0,0.03490951476792048,0.04991886337156354,0.04476547129726728,0.02284544164261732,0.035677395948694436,0.053372860908295086
A2_75,0.3803037893778264,0.0,0.18254581890135665,0.0,0.0,0.0,0.0,0.0,0.1673336673262436,0.0,0.030424303150226113,0.0,0.0,0.0,0.0,0.0,0.03417706074368766,0.05071830372587845,0.044767865145110185,0.021335387062166148,0.03487337858487858,0.05352042598262629
A2_77,0.3629141423901459,0.0,0.18145707119507296,0.0,0.0,0.0,0.0,0.0,0.18145707119507296,0.0,0.03024284519917883,0.0,0.0,0.0,0.0,0.0,0.0361496123270858,0.05257196213728402,0.04603142013787621,0.020522071553690596,0.034735335845613516,0.05391846801897917
A2_80,0.33141597107199133,0.0,0.19583671017890397,0.0,0.0,0.0,0.0,0.0,0.19583671017890397,0.0,0.030128724642908302,0.0,0.0,0.0,0.0,0.0,0.03671883233577254,0.05386660279819416,0.04659337820383863,0.01888669864592007,0.035372615218522876,0.05534375672504428
A2_81,0.3461645665894108,0.0,0.18060759995969258,0.0,0.0,0.0,0.0,0.0,0.19565823328966697,0.0,0.030101266659948764,0.0,0.0,0.0,0.0,0.0,0.0374415987550793,0.05381751116622995,0.04588258955822935,0.018869486146694564,0.03616382899452168,0.055293318880526
A2_82,0.36234534783452443,0.0,0.18117267391726222,0.0,0.0,0.0,0.0,0.0,0.18117267391726222,0.0,0.03019544565287704,0.0,0.0,0.0,0.0,0.0,0.03609295511735556,0.05398589208723237,0.045959275191995864,0.018928523835122946,0.034680895228374004,0.05546631721799326
A2_84,0.3314159710719913,0.0,0.19583671017890394,0.0,0.0,0.0,0.0,0.0,0.19583671017890394,0.0,0.0301287246429083,0.0,0.0,0.0,0.0,0.0,0.03671883233577254,0.05386660279819416,0.046593378203838624,0.018886698645920068,0.035372615218522856,0.05534375672504427
A2_85,0.3461645665894108,0.0,0.18060759995969258,0.0,0.0,0.0,0.0,0.0,0.19565823328966697,0.0,0.030101266659948764,0.0,0.0,0.0,0.0,0.0,0.0374415987550793,0.05381751116622995,0.04588258955822936,0.018869486146694564,0.03616382899452168,0.055293318880526
A2_86,0.36234534783452443,0.0,0.18117267391726222,0.0,0.0,0.0,0.0,0.0,0.18117267391726222,0.0,0.03019544565287704,0.0,0.0,0.0,0.0,0.0,0.03609295511735556,0.053985892087232375,0.045959275191995864,0.018928523835122946,0.034680895228374004,0.05546631721799326
A2_89,0.3461645665894108,0.0,0.18060759995969258,0.0,0.0,0.0,0.0,0.0,0.19565823328966697,0.0,0.030101266659948764,0.0,0.0,0.0,0.0,0.0,0.03744159875507929,0.05381751116622995,0.04588258955822937,0.018869486146694564,0.036163828994521675,0.055293318880526
A2_90,0.36234534783452443,0.0,0.18117267391726222,0.0,0.0,0.0,0.0,0.0,0.18117267391726222,0.0,0.03019544565287704,0.0,0.0,0.0,0.0,0.0,0.03609295511735556,0.05398589208723239,0.045959275191995864,0.018928523835122946,0.034680895228374004,0.05546631721799326
A2_91,0.34573592059487207,0.0,0.18038395857123757,0.015031996547603132,0.0,0.0,0.0,0.0,0.18038395857123757,0.0,0.030063993095206264,0.0,0.0,0.0,0.0,0.0,0.03691138708038924,0.054093161520874476,0.0451015067053721,0.020390658229923413,0.0355921907662865,0.056311268316997704
A2_93,0.32905931958889917,0.0,0.16452965979444958,0.014957241799495417,0.0,0.0,0.0,0.014957241799495417,0.179486901593945,0.0,0.029914483598990835,0.0,0.0,0.014957241799495417,0.0,0.0,0.03691519772950723,0.054646633474811225,0.046391158397883964,0.02028925463294271,0.0362472689825135,0.05764839680757061
A2_94,0.3294366403950762,0.0,0.1647183201975381,0.014974392745230736,0.0,0.0,0.0,0.014974392745230736,0.1647183201975381,0.0,0.029948785490461472,0.0,0.0,0.014974392745230736,0.014974392745230736,0.0,0.03592113613032016,0.05341800045624581,0.046509932859851756,0.020354960621070717,0.0371514961312744,0.05792483653970044
A2_95,0.31383036051180974,0.0,0.16438733169666225,0.01494430288151475,0.0,0.0,0.0,0.01494430288151475,0.179331634578177,0.0,0.0298886057630295,0.0,0.0,0.01494430288151475,0.01494430288151475,0.0,0.036037449349821185,0.054025250532348114,0.04641647481016634,0.02051347873949474,0.037076843123673056,0.05871535936875914
A2_97,0.2981668857587369,0.0,0.1639917871673053,0.02981668857587369,0.0,0.0,0.0,0.014908344287936845,0.17890013145524214,0.0,0.02981668857587369,0.0,0.0,0.014908344287936845,0.014908344287936845,0.0,0.03836567323774222,0.05560395710471566,0.046370078782986913,0.021319553512761682,0.03666846698245204,0.056255055982499184
A2_98,0.2840163245245512,0.0,0.1644305036721086,0.029896455213110653,0.0,0.0,0.0,0.014948227606555326,0.1793787312786639,0.0,0.029896455213110653,0.0,0.0,0.014948227606555326,0.014948227606555326,0.014948227606555326,0.03880174741001492,0.054271201239777654,0.0473433824295054,0.021418955171804196,0.036766563734423066,0.05398676968670847
A2_99,0.2839548338323252,0.0,0.14944991254332907,0.02988998250866581,0.0,0.0,0.0,0.014944991254332905,0.17933989505199485,0.0,0.02988998250866581,0.0,0.0,0.02988998250866581,0.014944991254332905,0.014944991254332905,0.03954426894240232,0.055100379496232095,0.048116008802188026,0.021414317880682016,0.034600380830889094,0.053975081330961176
A2_101,0.28378342495104353,0.0,0.1493596973426545,0.029871939468530898,0.014935969734265449,0.0,0.0,0.014935969734265449,0.16429566707691992,0.0,0.029871939468530898,0.0,0.0,0.029871939468530898,0.014935969734265449,0.014935969734265449,0.038725908663207145,0.05730217201679706,0.04733647089460889,0.02265403739174047,0.0347846288469597,0.05239829547341426
A2_102,0.2809652442312686,0.0,0.14787644433224664,0.029575288866449327,0.014787644433224664,0.0,0.0,0.014787644433224664,0.14787644433224664,0.0,0.04436293329967399,0.0,0.0,0.029575288866449327,0.014787644433224664,0.014787644433224664,0.03979635528945775,0.056501201790927345,0.04795532145668044,0.024717828956849784,0.03654888182815416,0.055098189016697253
A2_103,0.28111611303353323,0.0,0.13316026406851572,0.029591169793003497,0.014795584896501748,0.0,0.0,0.014795584896501748,0.16275143386151925,0.0,0.044386754689505245,0.0,0.0,0.029591169793003497,0.014795584896501748,0.014795584896501748,0.038713931172223555,0.05653154101905511,0.04751863110911752,0.024059818936569655,0.038132647254138306,0.05526418568380833
A2_105,0.280139344644655,0.01474417603392921,0.13269758430536288,0.02948835206785842,0.01474417603392921,0.0,0.0,0.02948835206785842,0.1474417603392921,0.0,0.02948835206785842,0.0,0.0,0.02948835206785842,0.01474417603392921,0.01474417603392921,0.04104501527667022,0.058806941331103965,0.047474822081745235,0.02531282545446712,0.03869401489479059,0.051457579264762375
A2_106,0.2639497952761158,0.014663877515339766,0.1319748976380579,0.029327755030679532,0.014663877515339766,0.0,0.0,0.029327755030679532,0.14663877515339765,0.0,0.029327755030679532,0.0,0.014663877515339766,0.029327755030679532,0.014663877515339766,0.014663877515339766,0.04198542456881006,0.06241541990552666,0.04625526463831857,0.025483468119558872,0.039750689814275,0.05091585718652264
A2_107,0.2493307010570525,0.01466651182688544,0.1466651182688544,0.02933302365377088,0.01466651182688544,0.0,0.0,0.02933302365377088,0.1466651182688544,0.0,0.02933302365377088,0.0,0.01466651182688544,0.02933302365377088,0.01466651182688544,0.01466651182688544,0.04253243532311592,0.0609730437850614,0.048585953963216084,0.026219843960372028,0.04139705801770029,0.04696607360626233
A2_109,0.2487932091592399,0.014634894656425874,0.13171405190783286,0.04390468396927762,0.014634894656425874,0.0,0.0,0.02926978931285175,0.14634894656425876,0.0,0.02926978931285175,0.0,0.014634894656425874,0.02926978931285175,0.014634894656425874,0.014634894656425874,0.041826566261980086,0.06070723265376887,0.04986312304343325,0.029419757214344637,0.03986997902078486,0.04656860898439461
A2_110,0.2341731099856603,0.014635819374103768,0.1317223743669339,0.0439074581223113,0.014635819374103768,0.0,0.0,0.029271638748207537,0.14635819374103767,0.0,0.029271638748207537,0.0,0.014635819374103768,0.0439074581223113,0.014635819374103768,0.014635819374103768,0.04263593397791212,0.0600747025548825,0.04688252576054447,0.028441599539120573,0.040618992784219266,0.04955527667813261
A2_111,0.22004647664901109,0.014669765109934074,0.13202788598940665,0.04400929532980222,0.014669765109934074,0.0,0.0,0.04400929532980222,0.14669765109934074,0.0,0.029339530219868147,0.0,0.014669765109934074,0.04400929532980222,0.014669765109934074,0.014669765109934074,0.04279714361614361,0.0580287263215381,0.04622280422253814,0.028507565850938728,0.041981118804658775,0.048974385687478986
A2_113,0.23657629970919394,0.014786018731824621,0.11828814985459697,0.04435805619547386,0.014786018731824621,0.0,0.0,0.04435805619547386,0.1478601873182462,0.0,0.014786018731824621,0.0,0.029572037463649243,0.04435805619547386,0.014786018731824621,0.014786018731824621,0.043015696923463215,0.055282485372008375,0.04574546451163745,0.02733637535963787,0.04401769025872211,0.04530135098329991
A2_114,0.25136694711641694,0.014786291006848055,0.11829032805478444,0.044358873020544164,0.014786291006848055,0.0,0.0,0.044358873020544164,0.13307661906163248,0.0,0.014786291006848055,0.0,0.02957258201369611,0.044358873020544164,0.014786291006848055,0.014786291006848055,0.041580936317762704,0.05575520144891945,0.04568081724852963,0.02886605445645585,0.0435002550073928,0.04530218517853693
A2_115,0.2507550673733644,0.014750298080786138,0.11800238464628911,0.04425089424235842,0.014750298080786138,0.0,0.0,0.04425089424235842,0.13275268272707524,0.0,0.014750298080786138,0.0,0.029500596161572277,0.04425089424235842,0.014750298080786138,0.014750298080786138,0.04147971961874215,0.05497813815015752,0.04605018215461191,0.02946501641176329,0.04495371863054106,0.04555832099487705
A2_120,0.2177449514207457,0.014516330094716381,0.10161431066301467,0.07258165047358191,0.014516330094716381,0.0,0.0,0.04354899028414914,0.11613064075773105,0.0,0.014516330094716381,0.0,0.058065320378865526,0.04354899028414914,0.014516330094716381,0.014516330094716381,0.045109162486242256,0.05622797134144314,0.045421365222802226,0.03610390118912204,0.04519826043965107,0.04612283458492027
A2_121,0.23169355589091367,0.014480847243182104,0.08688508345909263,0.07240423621591052,0.014480847243182104,0.0,0.0,0.04344254172954631,0.11584677794545684,0.0,0.014480847243182104,0.0,0.05792338897272842,0.04344254172954631,0.014480847243182104,0.014480847243182104,0.04617902782184807,0.05642027200081418,0.04466731587071279,0.037995277224731484,0.04537251687045709,0.04532322805233107
A2_125,0.24547592482004413,0.014439760283532008,0.07219880141766004,0.08663856170119204,0.014439760283532008,0.0,0.0,0.04331928085059602,0.10107832198472406,0.0,0.014439760283532008,0.0,0.05775904113412803,0.04331928085059602,0.014439760283532008,0.014439760283532008,0.04429181589588273,0.054990680876783764,0.045618671862483334,0.04185796141451097,0.04744314268608866,0.04380971308765015
A2_128,0.21530033830776935,0.014353355887184624,0.08612013532310774,0.08612013532310774,0.02870671177436925,0.0,0.0,0.04306006766155387,0.08612013532310774,0.0,0.014353355887184624,0.0,0.0574134235487385,0.0574134235487385,0.014353355887184624,0.014353355887184624,0.04339422257437645,0.05478542625377963,0.04758082760794687,0.045268196252024384,0.04871822700300376,0.042585305949637706
A2_131,0.193663187793369,0.013833084842383499,0.0691654242119175,0.08299850905430099,0.027666169684766997,0.0,0.013833084842383499,0.041499254527150496,0.0691654242119175,0.0,0.013833084842383499,0.013833084842383499,0.055332339369533995,0.0691654242119175,0.013833084842383499,0.013833084842383499,0.04850364174222229,0.06366447948081581,0.04875819032493741,0.04723398288199373,0.0511056915295913,0.049079771921264496
A2_133,0.17611060968163575,0.013546969975510442,0.05418787990204177,0.08128181985306265,0.027093939951020884,0.0,0.013546969975510442,0.04064090992653133,0.06773484987755221,0.0,0.04064090992653133,0.013546969975510442,0.05418787990204177,0.06773484987755221,0.013546969975510442,0.013546969975510442,0.049199692028916324,0.06436428848670091,0.054598132113356894,0.05494551628537325,0.05168708415758111,0.04785678815254931
A2_137,0.13602338005939005,0.012365761823580915,0.037097285470742744,0.07419457094148549,0.02473152364716183,0.0,0.02473152364716183,0.037097285470742744,0.04946304729432366,0.012365761823580915,0.037097285470742744,0.02473152364716183,0.04946304729432366,0.06182880911790457,0.02473152364716183,0.012365761823580915,0.06909988758527374,0.06641066736692529,0.07053954554290383,0.05806067922830481,0.05942753846867769,0.05817359062886891
A2_138,0.13463011323481183,0.012239101203164711,0.036717303609494135,0.07343460721898827,0.024478202406329422,0.0,0.024478202406329422,0.036717303609494135,0.036717303609494135,0.012239101203164711,0.048956404812658845,0.024478202406329422,0.048956404812658845,0.06119550601582356,0.024478202406329422,0.012239101203164711,0.06788030327093166,0.07022544476366784,0.07185540510496823,0.06248339426389679,0.05819458039331758,0.05740581204498228
A2_139,0.12004775340435545,0.012004775340435545,0.03601432602130663,0.07202865204261326,0.02400955068087109,0.0,0.02400955068087109,0.03601432602130663,0.03601432602130663,0.012004775340435545,0.04801910136174218,0.03601432602130663,0.04801910136174218,0.06002387670217772,0.02400955068087109,0.012004775340435545,0.07206516656760707,0.07090837307716345,0.06926458444807197,0.06936762613048886,0.057038978238040196,0.06111650451685129
A2_140,0.10724947865348804,0.011916608739276448,0.03574982621782934,0.07149965243565869,0.023833217478552896,0.0,0.023833217478552896,0.03574982621782934,0.03574982621782934,0.011916608739276448,0.04766643495710579,0.03574982621782934,0.04766643495710579,0.059583043696382246,0.03574982621782934,0.011916608739276448,0.07350737807847144,0.06987890054861132,0.06822672626518195,0.07051586298482977,0.05782250819581489,0.06421818696326823
A2_142,0.10455218794879362,0.011616909772088181,0.03485072931626454,0.058084548860440906,0.023233819544176363,0.0,0.023233819544176363,0.03485072931626454,0.03485072931626454,0.023233819544176363,0.058084548860440906,0.03485072931626454,0.046467639088352726,0.046467639088352726,0.03485072931626454,0.011616909772088181,0.07558706323398133,0.07541864212070236,0.06645381144370911,0.07230521428339352,0.0640134754033807,0.06537630491042393
A2_143,0.10417928900018612,0.011575476555576237,0.03472642966672871,0.05787738277788119,0.03472642966672871,0.0,0.023150953111152475,0.023150953111152475,0.03472642966672871,0.023150953111152475,0.05787738277788119,0.03472642966672871,0.04630190622230495,0.04630190622230495,0.03472642966672871,0.011575476555576237,0.07809176741570245,0.07524924907419202,0.06570278462150084,0.07369811293504946,0.0639449474833665,0.06453931069137689
A2_145,0.10261504632607725,0.011401671814008583,0.04560668725603433,0.05700835907004292,0.03420501544202575,0.0,0.022803343628017166,0.022803343628017166,0.022803343628017166,0.022803343628017166,0.0684100308840515,0.03420501544202575,0.04560668725603433,0.04560668725603433,0.022803343628017166,0.011401671814008583,0.07764222438587176,0.07603232561568393,0.0686592807291416,0.07171864319597782,0.06524345935109183,0.0706204760218039
A2_146,0.09006305045757189,0.011257881307196486,0.045031525228785944,0.05628940653598243,0.03377364392158946,0.0,0.022515762614392972,0.022515762614392972,0.022515762614392972,0.022515762614392972,0.06754728784317891,0.045031525228785944,0.045031525228785944,0.045031525228785944,0.022515762614392972,0.011257881307196486,0.0810756808618365,0.07681895444190105,0.06935736153778624,0.07077616853088668,0.06949895623138731,0.06957881303637783
A2_147,0.09003323186701141,0.011254153983376427,0.045016615933505706,0.045016615933505706,0.03376246195012928,0.0,0.022508307966752853,0.022508307966752853,0.022508307966752853,0.022508307966752853,0.06752492390025856,0.045016615933505706,0.045016615933505706,0.045016615933505706,0.03376246195012928,0.011254153983376427,0.08291072088534675,0.07679524016713822,0.06847305644209742,0.06959637122986366,0.06995925992994055,0.06955765217679198
A2_148,0.0893775096163763,0.011172188702047038,0.04468875480818815,0.04468875480818815,0.033516566106141114,0.0,0.022344377404094076,0.022344377404094076,0.022344377404094076,0.033516566106141114,0.06703313221228223,0.04468875480818815,0.04468875480818815,0.04468875480818815,0.033516566106141114,0.0,0.08421127485692333,0.07619978696726569,0.07196084987927101,0.06934612946437098,0.07152342105477995,0.06814910267503725
A2_149,0.08928888533036614,0.011161110666295767,0.04464444266518307,0.04464444266518307,0.0334833319988873,0.011161110666295767,0.022322221332591534,0.022322221332591534,0.022322221332591534,0.0334833319988873,0.0669666639977746,0.04464444266518307,0.04464444266518307,0.0334833319988873,0.0334833319988873,0.0,0.08550727136070835,0.07589085362571296,0.07261576913118496,0.07044604926067709,0.06965758711069504,0.06782693619623337
A2_152,0.08890109887796627,0.011112637359745783,0.03333791207923735,0.044450549438983133,0.022225274719491567,0.011112637359745783,0.022225274719491567,0.03333791207923735,0.022225274719491567,0.03333791207923735,0.055563186798728924,0.055563186798728924,0.044450549438983133,0.03333791207923735,0.044450549438983133,0.0,0.08568978291903884,0.07423651727740554,0.07367604682294965,0.07012083233214829,0.07363166632953816,0.06701328633163031
A2_168,0.05308709401641908,0.010617418803283816,0.03185225640985145,0.03185225640985145,0.03185225640985145,0.03185225640985145,0.03185225640985145,0.03185225640985145,0.0,0.042469675213135265,0.0637045128197029,0.05308709401641908,0.03185225640985145,0.042469675213135265,0.042469675213135265,0.0,0.09187045739724176,0.07460061121704475,0.07636131375509086,0.07556120751700042,0.07797187578642559,0.07276359416300585
A2_178,0.010337191220193552,0.010337191220193552,0.04134876488077421,0.010337191220193552,0.020674382440387103,0.031011573660580653,0.031011573660580653,0.04134876488077421,0.020674382440387103,0.05168595610096776,0.09303472098174195,0.05168595610096776,0.020674382440387103,0.031011573660580653,0.05168595610096776,0.0,0.09533981793243061,0.07836088063303932,0.07486708908389855,0.07785181219931932,0.08522692559544956,0.071493913546185
A3_25,0.0,0.050890448197325557,0.020356179278930225,0.020356179278930225,0.030534268918395332,0.0814247171157209,0.04071235855786045,0.030534268918395332,0.030534268918395332,0.04071235855786045,0.050890448197325557,0.020356179278930225,0.020356179278930225,0.020356179278930225,0.030534268918395332,0.020356179278930225,0.09197611588819539,0.09515146132104578,0.06643653269305165,0.07103605902755523,0.07412364357183501,0.09237170552506137
A3_28,0.0,0.04153369830910055,0.03115027373182541,0.020766849154550276,0.03115027373182541,0.07268397204092597,0.04153369830910055,0.03115027373182541,0.04153369830910055,0.04153369830910055,0.051917122886375684,0.020766849154550276,0.020766849154550276,0.020766849154550276,0.03115027373182541,0.020766849154550276,0.09069155855570536,0.09386554526808874,0.06600802837337415,0.06577536426054628,0.06972462873642846,0.0947636459421002
A3_30,0.0,0.04168868604601303,0.03126651453450977,0.020844343023006515,0.03126651453450977,0.06253302906901954,0.05211085755751629,0.03126651453450977,0.04168868604601303,0.04168868604601303,0.05211085755751629,0.020844343023006515,0.020844343023006515,0.020844343023006515,0.03126651453450977,0.020844343023006515,0.09531699759577901,0.09031367101983898,0.06979473250674197,0.06520592900643753,0.06625277928274553,0.0920073150132941
A3_32,0.0,0.04281249552709375,0.03210937164532031,0.021406247763546875,0.04281249552709375,0.06421874329064062,0.04281249552709375,0.03210937164532031,0.04281249552709375,0.04281249552709375,0.05351561940886719,0.021406247763546875,0.021406247763546875,0.021406247763546875,0.03210937164532031,0.021406247763546875,0.09929216124884255,0.08313448933413504,0.0720112437231818,0.06766708815228939,0.05995233936716726,0.08278648408571207
A3_38,0.0,0.04414614602562976,0.04414614602562976,0.02207307301281488,0.04414614602562976,0.04414614602562976,0.02207307301281488,0.04414614602562976,0.04414614602562976,0.04414614602562976,0.06621921903844463,0.02207307301281488,0.02207307301281488,0.02207307301281488,0.04414614602562976,0.02207307301281488,0.09411594202038032,0.0709786104429109,0.07665647552621957,0.07045312035257796,0.06604887827268044,0.06992014806485891
A3_40,0.0,0.043888816130339986,0.043888816130339986,0.010972204032584996,0.043888816130339986,0.043888816130339986,0.021944408065169993,0.043888816130339986,0.03291661209775498,0.05486102016292498,0.07680542822809498,0.021944408065169993,0.021944408065169993,0.021944408065169993,0.043888816130339986,0.021944408065169993,0.09607386874344717,0.07279832597829197,0.07751418591837005,0.07618096670293609,0.05707347367106212,0.07174897735664282
A3_51,0.0,0.030899485863192685,0.04119931448425691,0.010299828621064228,0.051499143105321145,0.04119931448425691,0.030899485863192685,0.04119931448425691,0.030899485863192685,0.06179897172638537,0.07209880034744962,0.020599657242128457,0.010299828621064228,0.020599657242128457,0.04119931448425691,0.010299828621064228,0.10479332037366587,0.07569354782608248,0.07939891345527378,0.0792253394681801,0.07132696170859777,0.07457048611498857
A3_53,0.0,0.03067323284825554,0.05112205474709257,0.010224410949418514,0.040897643797674056,0.03067323284825554,0.03067323284825554,0.040897643797674056,0.03067323284825554,0.06134646569651108,0.08179528759534811,0.020448821898837028,0.010224410949418514,0.020448821898837028,0.040897643797674056,0.010224410949418514,0.10524145294590535,0.07570423677793965,0.07697861110520872,0.08165271077780617,0.07528516846767394,0.07391727245454044
A3_57,0.0,0.02044383547075042,0.04088767094150084,0.01022191773537521,0.030665753206125627,0.04088767094150084,0.030665753206125627,0.051109588676876046,0.02044383547075042,0.07155342414762647,0.08177534188300167,0.02044383547075042,0.01022191773537521,0.02044383547075042,0.051109588676876046,0.01022191773537521,0.10544866014221874,0.08020464484320548,0.08065879673405571,0.07586074028727093,0.07676115050320895,0.06997012072127977
A3_76,0.010251633714777221,0.020503267429554443,0.041006534859108885,0.010251633714777221,0.041006534859108885,0.03075490114433166,0.03075490114433166,0.041006534859108885,0.020503267429554443,0.07176143600344055,0.08201306971821777,0.020503267429554443,0.010251633714777221,0.020503267429554443,0.041006534859108885,0.020503267429554443,0.10589758921164907,0.07402896033674021,0.07790687235237245,0.0765192062102085,0.08573913989889483,0.0673265462512739
A3_84,0.010452085299945027,0.020904170599890054,0.031356255899835074,0.010452085299945027,0.031356255899835074,0.031356255899835074,0.031356255899835074,0.052260426499725135,0.020904170599890054,0.06271251179967015,0.09406876769950523,0.020904170599890054,0.010452085299945027,0.031356255899835074,0.04180834119978011,0.020904170599890054,0.09148761812442167,0.07463918491504361,0.08404014011073706,0.08729379038686712,0.07846123003678938,0.061473771428889816
A3_85,0.010648899933307936,0.021297799866615872,0.0319466997999238,0.010648899933307936,0.0319466997999238,0.0319466997999238,0.0319466997999238,0.05324449966653968,0.021297799866615872,0.05324449966653968,0.10648899933307936,0.021297799866615872,0.010648899933307936,0.0319466997999238,0.042595599733231744,0.021297799866615872,0.09194616071267883,0.07390405882491315,0.0813499958766018,0.0845720295972434,0.08243017635597749,0.053352581967188534
A3_90,0.01100051775111156,0.02200103550222312,0.04400207100444624,0.01100051775111156,0.033001553253334676,0.033001553253334676,0.033001553253334676,0.0550025887555578,0.033001553253334676,0.0550025887555578,0.08800414200889248,0.02200103550222312,0.01100051775111156,0.033001553253334676,0.04400207100444624,0.02200103550222312,0.08854772286521463,0.07579656571017068,0.06750739805243772,0.0798167077455149,0.08471726879017703,0.05358844928090709
A3_93,0.011520057314477585,0.02304011462895517,0.04608022925791034,0.011520057314477585,0.04608022925791034,0.034560171943432756,0.011520057314477585,0.05760028657238793,0.034560171943432756,0.05760028657238793,0.10368051583029826,0.02304011462895517,0.011520057314477585,0.034560171943432756,0.04608022925791034,0.02304011462895517,0.07978869084147297,0.0715031057415592,0.06789106798374989,0.07460970337138668,0.07894829678280155,0.05125626955515045
A3_101,0.011750053213218982,0.023500106426437965,0.08225037249253288,0.011750053213218982,0.03525015963965694,0.03525015963965694,0.011750053213218982,0.04700021285287593,0.05875026606609491,0.04700021285287593,0.09400042570575186,0.023500106426437965,0.011750053213218982,0.023500106426437965,0.04700021285287593,0.023500106426437965,0.07301433108985035,0.0667269304457344,0.06953876284131828,0.06847342445686946,0.07855059624637833,0.05619329425890009
A3_108,0.022930605003269953,0.03439590750490493,0.06879181500980985,0.011465302501634977,0.03439590750490493,0.022930605003269953,0.022930605003269953,0.03439590750490493,0.08025711751144485,0.03439590750490493,0.08025711751144485,0.022930605003269953,0.011465302501634977,0.022930605003269953,0.04586121000653991,0.022930605003269953,0.07835069898952755,0.06832267314407889,0.07023475585532148,0.0802790822893352,0.0699667218836649,0.05958094275632307
A3_114,0.011036209230203046,0.04414483692081218,0.07725346461142134,0.0,0.03310862769060914,0.02207241846040609,0.03310862769060914,0.03310862769060914,0.08828967384162437,0.03310862769060914,0.07725346461142134,0.02207241846040609,0.0,0.011036209230203046,0.04414483692081218,0.02207241846040609,0.08170993469814193,0.0718253644978109,0.07577656934926033,0.07997885848013325,0.07693396635420693,0.061964845110294244
A3_118,0.01095870273037509,0.04383481092150036,0.07671091911262563,0.0,0.01095870273037509,0.02191740546075018,0.03287610819112526,0.03287610819112526,0.0986283245733758,0.02191740546075018,0.08766962184300071,0.03287610819112526,0.0,0.01095870273037509,0.04383481092150036,0.02191740546075018,0.08010668189082722,0.06911306596205849,0.07697655107189329,0.07881715398359246,0.07910160070104483,0.06794980987182928
A3_121,0.011132885651299123,0.03339865695389736,0.08906308521039298,0.0,0.011132885651299123,0.022265771302598245,0.03339865695389736,0.022265771302598245,0.11132885651299122,0.022265771302598245,0.08906308521039298,0.03339865695389736,0.011132885651299123,0.011132885651299123,0.04453154260519649,0.011132885651299123,0.0840160445141177,0.07010957932417394,0.0789535170377014,0.07398507396363471,0.0739809629977073,0.06231053959770878
A3_123,0.011041895720052493,0.03312568716015748,0.09937706148047243,0.0,0.011041895720052493,0.022083791440104986,0.03312568716015748,0.022083791440104986,0.11041895720052493,0.03312568716015748,0.08833516576041994,0.03312568716015748,0.011041895720052493,0.011041895720052493,0.03312568716015748,0.0,0.08504942246623425,0.06826151693022639,0.07932501800851569,0.07433750258152305,0.075076946865825,0.065854807145051
A3_127,0.011313665437311294,0.022627330874622587,0.10182298893580165,0.0,0.011313665437311294,0.022627330874622587,0.03394099631193388,0.03394099631193388,0.10182298893580165,0.045254661749245174,0.06788199262386777,0.03394099631193388,0.011313665437311294,0.011313665437311294,0.045254661749245174,0.011313665437311294,0.09017770611105484,0.06495119348486636,0.07354391047406306,0.06604608396164466,0.07181890725688074,0.06777892684592558
A3_132,0.01155141127929482,0.02310282255858964,0.1155141127929482,0.0,0.01155141127929482,0.02310282255858964,0.02310282255858964,0.034654233837884456,0.1155141127929482,0.04620564511717928,0.0577570563964741,0.034654233837884456,0.01155141127929482,0.0,0.0577570563964741,0.01155141127929482,0.09059551839469414,0.06333656853517475,0.07062436594400191,0.06496549278473912,0.07286275136039846,0.06004473901625065
A3_133,0.011413747658586585,0.02282749531717317,0.11413747658586586,0.0,0.011413747658586585,0.02282749531717317,0.02282749531717317,0.034241242975759756,0.10272372892727925,0.05706873829293293,0.05706873829293293,0.034241242975759756,0.011413747658586585,0.0,0.05706873829293293,0.011413747658586585,0.0933738120145366,0.06483420833187076,0.06978270203896016,0.06687462594281385,0.07511811122339082,0.0593291575190985
A3_138,0.01118111073060243,0.02236222146120486,0.1118111073060243,0.0,0.01118111073060243,0.02236222146120486,0.03354333219180729,0.02236222146120486,0.1118111073060243,0.04472444292240972,0.06708666438361457,0.03354333219180729,0.01118111073060243,0.0,0.04472444292240972,0.01118111073060243,0.09539378544125908,0.06669736373135378,0.07674325842062954,0.0659720068963869,0.07236135337077627,0.06377669560947287
A3_140,0.022168324387804448,0.022168324387804448,0.09975745974512001,0.0,0.011084162193902224,0.022168324387804448,0.033252486581706674,0.022168324387804448,0.11084162193902225,0.044336648775608896,0.06650497316341335,0.033252486581706674,0.011084162193902224,0.0,0.044336648775608896,0.011084162193902224,0.0940329612373689,0.0628151498614153,0.07556135273808164,0.06894688236674353,0.07586604076559461,0.06856950333568478
A3_144,0.02236148674974263,0.03354223012461394,0.08944594699897052,0.011180743374871314,0.011180743374871314,0.02236148674974263,0.03354223012461394,0.02236148674974263,0.11180743374871314,0.03354223012461394,0.05590371687435657,0.03354223012461394,0.011180743374871314,0.011180743374871314,0.04472297349948526,0.011180743374871314,0.08968079014701703,0.06353626298582017,0.07282205496977255,0.0686879044299977,0.07764530387174373,0.06859051485208319
A3_146,0.022483539756114754,0.03372530963417213,0.08993415902445902,0.011241769878057377,0.011241769878057377,0.022483539756114754,0.03372530963417213,0.03372530963417213,0.1011759289025164,0.03372530963417213,0.04496707951222951,0.03372530963417213,0.011241769878057377,0.011241769878057377,0.04496707951222951,0.022483539756114754,0.09103591938780554,0.06336817834391237,0.07356076038366159,0.06744917331605924,0.07363809981827324,0.06885937484741915
A3_155,0.03570321026582718,0.03570321026582718,0.08330749062026344,0.01190107008860906,0.02380214017721812,0.04760428035443624,0.02380214017721812,0.03570321026582718,0.09520856070887249,0.03570321026582718,0.05950535044304531,0.01190107008860906,0.01190107008860906,0.01190107008860906,0.04760428035443624,0.02380214017721812,0.07689956385419455,0.05997009136232148,0.07478650379691819,0.05924704116635759,0.07188944970412114,0.06215384568563394
A3_162,0.024363478991414462,0.024363478991414462,0.09745391596565785,0.012181739495707231,0.024363478991414462,0.024363478991414462,0.012181739495707231,0.03654521848712169,0.10963565546136507,0.03654521848712169,0.08527217646995063,0.024363478991414462,0.012181739495707231,0.012181739495707231,0.048726957982828924,0.024363478991414462,0.08060549294640465,0.06088246232602846,0.06515764069721529,0.0611992054834664,0.06824781202549343,0.05482041173603012
A3_164,0.024226853825109484,0.024226853825109484,0.09690741530043794,0.012113426912554742,0.024226853825109484,0.024226853825109484,0.012113426912554742,0.036340280737664224,0.09690741530043794,0.036340280737664224,0.09690741530043794,0.024226853825109484,0.012113426912554742,0.012113426912554742,0.04845370765021897,0.024226853825109484,0.0813453699097171,0.06321042732082752,0.06271857797989698,0.06065777679078515,0.07234522144029924,0.05405128093073693
A3_165,0.023896008891715635,0.023896008891715635,0.09558403556686254,0.011948004445857818,0.023896008891715635,0.023896008891715635,0.011948004445857818,0.03584401333757345,0.08363603112100472,0.03584401333757345,0.09558403556686254,0.03584401333757345,0.011948004445857818,0.011948004445857818,0.04779201778343127,0.023896008891715635,0.08513339242647287,0.06333821770012366,0.06186208526713665,0.06520835546695689,0.07374457694039019,0.05331314990602881
A3_168,0.023985129313020378,0.023985129313020378,0.08394795259557132,0.011992564656510189,0.023985129313020378,0.023985129313020378,0.011992564656510189,0.035977693969530565,0.08394795259557132,0.035977693969530565,0.08394795259557132,0.035977693969530565,0.011992564656510189,0.011992564656510189,0.059962823282550946,0.035977693969530565,0.07939994581149387,0.06628862006312591,0.05821927661513571,0.07004156363312941,0.07556348426669066,0.050858876784915096
A3_173,0.0240272803675289,0.0240272803675289,0.07208184110258671,0.01201364018376445,0.0240272803675289,0.0240272803675289,0.01201364018376445,0.036040920551293355,0.08409548128635116,0.0240272803675289,0.08409548128635116,0.0480545607350578,0.01201364018376445,0.01201364018376445,0.07208184110258671,0.036040920551293355,0.08048010090434847,0.07041505281216044,0.05242650332448562,0.0760598141807539,0.07261828350801451,0.04731823608201445
A3_174,0.024009839076090108,0.024009839076090108,0.08403443676631538,0.012004919538045054,0.024009839076090108,0.024009839076090108,0.012004919538045054,0.024009839076090108,0.08403443676631538,0.024009839076090108,0.08403443676631538,0.048019678152180216,0.012004919538045054,0.012004919538045054,0.07202951722827032,0.03601475861413516,0.08047268126367951,0.07036393885173757,0.05098582983208386,0.07600460271422022,0.07323876832707109,0.048688202108955095
A3_178,0.036342483298784686,0.036342483298784686,0.08479912769716427,0.012114161099594895,0.036342483298784686,0.02422832219918979,0.012114161099594895,0.012114161099594895,0.09691328879675916,0.012114161099594895,0.08479912769716427,0.04845664439837958,0.012114161099594895,0.012114161099594895,0.06057080549797448,0.02422832219918979,0.08000407284362078,0.06786332016463374,0.052630746141515534,0.07601306900835482,0.06559706067272307,0.052183676189407224
A4_25,0.011735814305880544,0.023471628611761088,0.05867907152940272,0.023471628611761088,0.03520744291764163,0.05867907152940272,0.011735814305880544,0.046943257223522175,0.046943257223522175,0.046943257223522175,0.08215070014116381,0.023471628611761088,0.011735814305880544,0.023471628611761088,0.05867907152940272,0.023471628611761088,0.07542270549522467,0.07576468531116758,0.05784734771092693,0.06176154056028177,0.08303727571300472,0.059375729915367145
A4_31,0.012041451879775506,0.02408290375955101,0.07224871127865304,0.02408290375955101,0.03612435563932652,0.04816580751910202,0.012041451879775506,0.03612435563932652,0.07224871127865304,0.03612435563932652,0.09633161503820405,0.02408290375955101,0.012041451879775506,0.02408290375955101,0.04816580751910202,0.02408290375955101,0.07186886285995912,0.07162019348218522,0.05237852226929671,0.0640298422937591,0.0752637347364541,0.06276625036957043
A4_41,0.0,0.023286933098397782,0.06986079929519334,0.011643466549198891,0.023286933098397782,0.023286933098397782,0.011643466549198891,0.03493039964759667,0.08150426584439224,0.023286933098397782,0.11643466549198891,0.046573866196795564,0.0,0.011643466549198891,0.06986079929519334,0.03493039964759667,0.07779148515123721,0.07856004552687346,0.0498031837086603,0.07401222245089528,0.08082016906067664,0.056839566641712524
A4_44,0.0,0.011676017325463387,0.08173212127824371,0.011676017325463387,0.011676017325463387,0.023352034650926775,0.011676017325463387,0.023352034650926775,0.08173212127824371,0.023352034650926775,0.11676017325463388,0.05838008662731694,0.011676017325463387,0.011676017325463387,0.07005610395278032,0.03502805197639016,0.0793107078995141,0.08283872798278254,0.04940796785658778,0.07549590119853884,0.0764949626293058,0.052650866160101555
A4_49,0.0,0.023657948750510874,0.0946317950020435,0.011828974375255437,0.011828974375255437,0.023657948750510874,0.011828974375255437,0.023657948750510874,0.10646076937729892,0.023657948750510874,0.0946317950020435,0.059144871876277184,0.011828974375255437,0.011828974375255437,0.07097384625153262,0.011828974375255437,0.08382794811271846,0.081236241369379,0.04732186442160643,0.07554951640461602,0.0727464728254349,0.047869238103473336
A4_51,0.011866986977508362,0.023733973955016724,0.08306890884255855,0.011866986977508362,0.023733973955016724,0.023733973955016724,0.011866986977508362,0.023733973955016724,0.0949358958200669,0.023733973955016724,0.0949358958200669,0.05933493488754182,0.011866986977508362,0.011866986977508362,0.07120192186505017,0.011866986977508362,0.08573508579602399,0.07847508693056213,0.04629924957994088,0.073900253272638,0.06985565614425547,0.05238531940116142
A4_54,0.012201410245117585,0.02440282049023517,0.09761128196094068,0.02440282049023517,0.02440282049023517,0.012201410245117585,0.012201410245117585,0.02440282049023517,0.10981269220605826,0.012201410245117585,0.08540987171582311,0.06100705122558793,0.012201410245117585,0.012201410245117585,0.0732084614707055,0.012201410245117585,0.07973614332440147,0.07143528517193265,0.04499139143965155,0.07466112556600263,0.06370267037919469,0.055402871862937686
A4_60,0.012182608271387192,0.024365216542774383,0.08527825789971034,0.024365216542774383,0.024365216542774383,0.012182608271387192,0.012182608271387192,0.024365216542774383,0.09746086617109753,0.024365216542774383,0.07309564962832314,0.06091304135693596,0.012182608271387192,0.012182608271387192,0.08527825789971034,0.024365216542774383,0.09473732806718825,0.06690082504786515,0.045103255876066714,0.07287525918231216,0.05871605459769825,0.05253686365950981
A4_67,0.023827964545802334,0.0357419468187035,0.08339787591030817,0.011913982272901167,0.0357419468187035,0.011913982272901167,0.011913982272901167,0.0357419468187035,0.08339787591030817,0.0357419468187035,0.04765592909160467,0.04765592909160467,0.023827964545802334,0.011913982272901167,0.071483893637407,0.023827964545802334,0.0952743331914246,0.06599365757729374,0.04605415332244284,0.08756275158829016,0.056849188040512845,0.05256680263497742
A4_71,0.023928790517145304,0.023928790517145304,0.08375076681000856,0.023928790517145304,0.023928790517145304,0.023928790517145304,0.011964395258572652,0.035893185775717956,0.08375076681000856,0.035893185775717956,0.04785758103429061,0.04785758103429061,0.023928790517145304,0.011964395258572652,0.07178637155143591,0.023928790517145304,0.09234487534944635,0.06457292132953303,0.04456283265629425,0.08911465229519833,0.058154427625555956,0.05303052781533943
A4_73,0.02373625905715113,0.03560438858572669,0.08307690670002896,0.02373625905715113,0.03560438858572669,0.02373625905715113,0.011868129528575565,0.02373625905715113,0.08307690670002896,0.03560438858572669,0.04747251811430226,0.04747251811430226,0.02373625905715113,0.011868129528575565,0.059340647642877824,0.02373625905715113,0.09416784530757977,0.06507941368192846,0.04585050884788934,0.09104783919465853,0.05897218617705085,0.051475730362114794
A4_75,0.023755910322848704,0.03563386548427305,0.0712677309685461,0.023755910322848704,0.03563386548427305,0.03563386548427305,0.011877955161424352,0.03563386548427305,0.0712677309685461,0.03563386548427305,0.04751182064569741,0.04751182064569741,0.023755910322848704,0.011877955161424352,0.059389775807121764,0.023755910322848704,0.09513354267754405,0.06729453434559975,0.04385510580241577,0.0900844131214706,0.059644173011602235,0.05009047297015007
A4_76,0.023783210585080514,0.035674815877620766,0.07134963175524153,0.023783210585080514,0.035674815877620766,0.035674815877620766,0.011891605292540257,0.035674815877620766,0.059458026462701284,0.035674815877620766,0.04756642117016103,0.04756642117016103,0.023783210585080514,0.011891605292540257,0.07134963175524153,0.023783210585080514,0.09501734411272739,0.06683440367726769,0.04676115497311257,0.08959459645986162,0.059139419526826345,0.04807281662319155
A4_78,0.023531095588649457,0.03529664338297418,0.05882773897162365,0.023531095588649457,0.03529664338297418,0.03529664338297418,0.011765547794324729,0.03529664338297418,0.05882773897162365,0.03529664338297418,0.047062191177298915,0.05882773897162365,0.023531095588649457,0.011765547794324729,0.07059328676594837,0.023531095588649457,0.09749576205713507,0.06832984865641865,0.04933424570787514,0.08849210592202393,0.05656668393022355,0.051503964010087236
A4_86,0.02380716534417053,0.04761433068834106,0.035710748016255796,0.02380716534417053,0.035710748016255796,0.04761433068834106,0.011903582672085265,0.059517913360426326,0.035710748016255796,0.035710748016255796,0.02380716534417053,0.04761433068834106,0.035710748016255796,0.02380716534417053,0.059517913360426326,0.04761433068834106,0.09509632511830216,0.06108440210753641,0.05361050719168759,0.08888636999205715,0.04761549900293666,0.05852776298321676
A4_91,0.024934478315865,0.04986895663173,0.0374017174737975,0.024934478315865,0.0374017174737975,0.04986895663173,0.0124672391579325,0.062336195789662506,0.0374017174737975,0.0374017174737975,0.0124672391579325,0.024934478315865,0.0374017174737975,0.024934478315865,0.04986895663173,0.09973791326346,0.085081422668837,0.054766579503397986,0.053953878488874146,0.07746712157474839,0.0465886990281384,0.058780340839379025
A4_92,0.02511593235694343,0.05023186471388686,0.03767389853541514,0.02511593235694343,0.03767389853541514,0.05023186471388686,0.012557966178471715,0.06278983089235858,0.03767389853541514,0.03767389853541514,0.012557966178471715,0.02511593235694343,0.02511593235694343,0.02511593235694343,0.05023186471388686,0.11302169560624542,0.0847037915515291,0.05125457588657077,0.05399850865986281,0.0775730254527719,0.045842343913666705,0.05872944561201292
A4_97,0.025379416658001742,0.050758833316003484,0.025379416658001742,0.025379416658001742,0.03806912498700261,0.050758833316003484,0.012689708329000871,0.06344854164500435,0.050758833316003484,0.03806912498700261,0.012689708329000871,0.012689708329000871,0.025379416658001742,0.025379416658001742,0.050758833316003484,0.1268970832900087,0.08200788751026654,0.04964207289082053,0.05231283884742476,0.07660128639640149,0.04898435385214174,0.05596614405290146
A4_104,0.025783002186521985,0.038674503279782974,0.012891501093260992,0.038674503279782974,0.025783002186521985,0.05156600437304397,0.012891501093260992,0.06445750546630497,0.038674503279782974,0.038674503279782974,0.025783002186521985,0.012891501093260992,0.025783002186521985,0.025783002186521985,0.06445750546630497,0.1418065120258709,0.08056085389912285,0.052305408056408674,0.05581984544611276,0.07218410371530748,0.0429655349112756,0.05158919930872313
A4_120,0.01273542465495208,0.02547084930990416,0.01273542465495208,0.03820627396485624,0.03820627396485624,0.06367712327476041,0.02547084930990416,0.06367712327476041,0.03820627396485624,0.02547084930990416,0.02547084930990416,0.01273542465495208,0.01273542465495208,0.06367712327476041,0.03820627396485624,0.14008967120447288,0.07263407955378956,0.05743099445453711,0.0603725402530123,0.06661448437144499,0.04929360495679901,0.05688306366281292
A4_122,0.012611829918774865,0.02522365983754973,0.02522365983754973,0.03783548975632459,0.02522365983754973,0.05044731967509946,0.02522365983754973,0.06305914959387432,0.03783548975632459,0.02522365983754973,0.03783548975632459,0.012611829918774865,0.012611829918774865,0.06305914959387432,0.03783548975632459,0.1387301291065235,0.07087502018002513,0.055988314012590364,0.06117768371171866,0.07035939995902271,0.05561706056786912,0.055391025630030885
A4_126,0.012575993862203514,0.012575993862203514,0.025151987724407028,0.03772798158661054,0.025151987724407028,0.03772798158661054,0.025151987724407028,0.050303975448814056,0.03772798158661054,0.025151987724407028,0.050303975448814056,0.025151987724407028,0.012575993862203514,0.06287996931101757,0.03772798158661054,0.15091192634644215,0.07611656644264604,0.05984980978990684,0.0646481897246217,0.06160002019657473,0.05692722741629238,0.052058493319782795
A4_127,0.012701481335715201,0.012701481335715201,0.025402962671430402,0.0381044440071456,0.025402962671430402,0.0381044440071456,0.025402962671430402,0.050805925342860804,0.050805925342860804,0.025402962671430402,0.0381044440071456,0.025402962671430402,0.012701481335715201,0.063507406678576,0.0381044440071456,0.1524177760285824,0.07197044905499637,0.06035447342322201,0.06052919080981301,0.06272647266579913,0.05749526633399301,0.05185008092641646
A4_138,0.02345304455113746,0.0,0.03517956682670619,0.04690608910227492,0.03517956682670619,0.04690608910227492,0.03517956682670619,0.02345304455113746,0.04690608910227492,0.03517956682670619,0.04690608910227492,0.02345304455113746,0.0,0.05863261137784365,0.03517956682670619,0.09381217820454985,0.08116475498364471,0.07246692513608181,0.07055041735010605,0.06725180706553452,0.06383461609608693,0.05840536559010952
A4_145,0.022785794486347932,0.0,0.045571588972695865,0.045571588972695865,0.0341786917295219,0.045571588972695865,0.0341786917295219,0.022785794486347932,0.045571588972695865,0.0341786917295219,0.05696448621586983,0.0341786917295219,0.0,0.05696448621586983,0.045571588972695865,0.045571588972695865,0.08532679389194206,0.08039776713920374,0.07854417890763121,0.06762574067938208,0.06219201162611094,0.05626864559703177
A4_152,0.011063570587984652,0.0,0.04425428235193861,0.03319071176395395,0.04425428235193861,0.04425428235193861,0.03319071176395395,0.022127141175969305,0.022127141175969305,0.05531785293992326,0.05531785293992326,0.04425428235193861,0.0,0.05531785293992326,0.04425428235193861,0.04425428235193861,0.09275306216564579,0.0859327311384229,0.07952630871649727,0.07077883206802568,0.06277700442676408,0.055053532085411624
A4_153,0.01110329200322468,0.0,0.04441316801289872,0.02220658400644936,0.0555164600161234,0.04441316801289872,0.033309876009674035,0.02220658400644936,0.02220658400644936,0.0555164600161234,0.0555164600161234,0.04441316801289872,0.0,0.0555164600161234,0.04441316801289872,0.04441316801289872,0.09533612248300434,0.08613211065528578,0.07917377574422106,0.06743581380959594,0.06269910764722794,0.054058469499431
A4_160,0.01089405739610406,0.01089405739610406,0.04357622958441624,0.03268217218831218,0.054470286980520304,0.04357622958441624,0.03268217218831218,0.02178811479220812,0.03268217218831218,0.04357622958441624,0.054470286980520304,0.04357622958441624,0.0,0.054470286980520304,0.04357622958441624,0.02178811479220812,0.09137139595952148,0.08535507209153392,0.0844341890336062,0.07144807349620613,0.06065539815424857,0.062033001459680694
A4_167,0.011232267931397427,0.022464535862794854,0.056161339656987136,0.022464535862794854,0.06739360758838456,0.04492907172558971,0.022464535862794854,0.022464535862794854,0.03369680379419228,0.04492907172558971,0.056161339656987136,0.04492907172558971,0.0,0.04492907172558971,0.04492907172558971,0.022464535862794854,0.08703065878065612,0.08197069280612392,0.08422861640004833,0.06751322513736052,0.055392054106663445,0.062251356199276395
A4_172,0.022276889287457902,0.022276889287457902,0.044553778574915805,0.022276889287457902,0.06683066786237371,0.022276889287457902,0.022276889287457902,0.033415333931186855,0.033415333931186855,0.05569222321864476,0.044553778574915805,0.044553778574915805,0.0,0.044553778574915805,0.05569222321864476,0.022276889287457902,0.0880665766775031,0.08310082213688316,0.0813090659779953,0.06925248252788582,0.056799033961492655,0.0645497865317924
A4_178,0.01114795802071764,0.03344387406215292,0.04459183208287056,0.02229591604143528,0.06688774812430584,0.04459183208287056,0.03344387406215292,0.04459183208287056,0.02229591604143528,0.0557397901035882,0.03344387406215292,0.03344387406215292,0.0,0.0557397901035882,0.04459183208287056,0.01114795802071764,0.08985416265108413,0.08190076705931579,0.07315978894218002,0.07099767913688407,0.0638866662142119,0.062803034960442
